source,category,name,stem,extension,relative_path,size_bytes,duration_seconds,tags
400 Sounds Pack,Card and Board,card_draw_1.wav,card_draw_1,.wav,action_rpg_mode/assets/sounds/400 Sounds Pack/Card and Board/card_draw_1.wav,61484,0.348,card_and_board
400 Sounds Pack,Card and Board,card_draw_2.wav,card_draw_2,.wav,action_rpg_mode/assets/sounds/400 Sounds Pack/Card and Board/card_draw_2.wav,41004,0.232,card_and_board
400 Sounds Pack,Card and Board,card_draw_3.wav,card_draw_3,.wav,action_rpg_mode/assets/sounds/400 Sounds Pack/Card and Board/card_draw_3.wav,59436,0.337,card_and_board
400 Sounds Pack,Card and Board,card_fan.wav,card_fan,.wav,action_rpg_mode/assets/sounds/400 Sounds Pack/Card and Board/card_fan.wav,69676,0.395,card_and_board
400 Sounds Pack,Card and Board,card_fan_2.wav,card_fan_2,.wav,action_rpg_mode/assets/sounds/400 Sounds Pack/Card and Board/card_fan_2.wav,116780,0.662,card_and_board
400 Sounds Pack,Card and Board,chips_drop.wav,chips_drop,.wav,action_rpg_mode/assets/sounds/400 Sounds Pack/Card and Board/chips_drop.wav,208940,1.184,card_and_board
400 Sounds Pack,Card and Board,chips_gather.wav,chips_gather,.wav,action_rpg_mode/assets/sounds/400 Sounds Pack/Card and Board/chips_gather.wav,63532,0.36,card_and_board
400 Sounds Pack,Card and Board,chips_gather_2.wav,chips_gather_2,.wav,action_rpg_mode/assets/sounds/400 Sounds Pack/Card and Board/chips_gather_2.wav,118828,0.673,card_and_board
400 Sounds Pack,Card and Board,chips_gather_3.wav,chips_gather_3,.wav,action_rpg_mode/assets/sounds/400 Sounds Pack/Card and Board/chips_gather_3.wav,90156,0.511,card_and_board
400 Sounds Pack,Card and Board,chips_in_sack_shake.wav,chips_in_sack_shake,.wav,action_rpg_mode/assets/sounds/400 Sounds Pack/Card and Board/chips_in_sack_shake.wav,421932,2.392,card_and_board
400 Sounds Pack,Card and Board,chips_in_sack_short.wav,chips_in_sack_short,.wav,action_rpg_mode/assets/sounds/400 Sounds Pack/Card and Board/chips_in_sack_short.wav,106540,0.604,card_and_board
400 Sounds Pack,Card and Board,chips_place_1.wav,chips_place_1,.wav,action_rpg_mode/assets/sounds/400 Sounds Pack/Card and Board/chips_place_1.wav,59436,0.337,card_and_board
400 Sounds Pack,Card and Board,chips_place_2.wav,chips_place_2,.wav,action_rpg_mode/assets/sounds/400 Sounds Pack/Card and Board/chips_place_2.wav,57388,0.325,card_and_board
400 Sounds Pack,Card and Board,chips_place_3.wav,chips_place_3,.wav,action_rpg_mode/assets/sounds/400 Sounds Pack/Card and Board/chips_place_3.wav,26668,0.151,card_and_board
400 Sounds Pack,Card and Board,chips_stack.wav,chips_stack,.wav,action_rpg_mode/assets/sounds/400 Sounds Pack/Card and Board/chips_stack.wav,49196,0.279,card_and_board
400 Sounds Pack,Card and Board,chips_stack_2.wav,chips_stack_2,.wav,action_rpg_mode/assets/sounds/400 Sounds Pack/Card and Board/chips_stack_2.wav,149436,0.847,card_and_board
400 Sounds Pack,Card and Board,dice_grab.wav,dice_grab,.wav,action_rpg_mode/assets/sounds/400 Sounds Pack/Card and Board/dice_grab.wav,59436,0.337,magic
400 Sounds Pack,Card and Board,dice_roll_1.wav,dice_roll_1,.wav,action_rpg_mode/assets/sounds/400 Sounds Pack/Card and Board/dice_roll_1.wav,75820,0.43,magic
400 Sounds Pack,Card and Board,dice_roll_2.wav,dice_roll_2,.wav,action_rpg_mode/assets/sounds/400 Sounds Pack/Card and Board/dice_roll_2.wav,96108,0.545,magic
400 Sounds Pack,Card and Board,dice_roll_3.wav,dice_roll_3,.wav,action_rpg_mode/assets/sounds/400 Sounds Pack/Card and Board/dice_roll_3.wav,135468,0.768,magic
400 Sounds Pack,Card and Board,dice_roll_4.wav,dice_roll_4,.wav,action_rpg_mode/assets/sounds/400 Sounds Pack/Card and Board/dice_roll_4.wav,110892,0.628,magic
400 Sounds Pack,Card and Board,dice_shake_2.wav,dice_shake_2,.wav,action_rpg_mode/assets/sounds/400 Sounds Pack/Card and Board/dice_shake_2.wav,245804,1.393,magic
400 Sounds Pack,Card and Board,dice_shake_3.wav,dice_shake_3,.wav,action_rpg_mode/assets/sounds/400 Sounds Pack/Card and Board/dice_shake_3.wav,166700,0.945,magic
400 Sounds Pack,Card and Board,dice_shake_4.wav,dice_shake_4,.wav,action_rpg_mode/assets/sounds/400 Sounds Pack/Card and Board/dice_shake_4.wav,200748,1.138,magic
400 Sounds Pack,Combat and Gore,bone_snap.wav,bone_snap,.wav,action_rpg_mode/assets/sounds/400 Sounds Pack/Combat and Gore/bone_snap.wav,163884,0.929,death|hit_enemy
400 Sounds Pack,Combat and Gore,crunch.wav,crunch,.wav,action_rpg_mode/assets/sounds/400 Sounds Pack/Combat and Gore/crunch.wav,190508,1.08,death|footstep|hit_enemy
400 Sounds Pack,Combat and Gore,crunch_quick.wav,crunch_quick,.wav,action_rpg_mode/assets/sounds/400 Sounds Pack/Combat and Gore/crunch_quick.wav,61484,0.348,death|footstep|hit_enemy|ui
400 Sounds Pack,Combat and Gore,crunch_splat.wav,crunch_splat,.wav,action_rpg_mode/assets/sounds/400 Sounds Pack/Combat and Gore/crunch_splat.wav,133164,0.755,death|footstep|hit_enemy
400 Sounds Pack,Combat and Gore,crunch_splat_2.wav,crunch_splat_2,.wav,action_rpg_mode/assets/sounds/400 Sounds Pack/Combat and Gore/crunch_splat_2.wav,106540,0.604,death|footstep|hit_enemy
400 Sounds Pack,Combat and Gore,kick.wav,kick,.wav,action_rpg_mode/assets/sounds/400 Sounds Pack/Combat and Gore/kick.wav,51868,0.294,attack|death|hit_enemy
400 Sounds Pack,Combat and Gore,punch.wav,punch,.wav,action_rpg_mode/assets/sounds/400 Sounds Pack/Combat and Gore/punch.wav,98348,0.557,attack|death|hit_enemy
400 Sounds Pack,Combat and Gore,punch_2.wav,punch_2,.wav,action_rpg_mode/assets/sounds/400 Sounds Pack/Combat and Gore/punch_2.wav,31756,0.18,attack|death|hit_enemy
400 Sounds Pack,Combat and Gore,punch_3.wav,punch_3,.wav,action_rpg_mode/assets/sounds/400 Sounds Pack/Combat and Gore/punch_3.wav,70116,0.397,attack|death|hit_enemy
400 Sounds Pack,Combat and Gore,slap.wav,slap,.wav,action_rpg_mode/assets/sounds/400 Sounds Pack/Combat and Gore/slap.wav,120876,0.685,death|hit_enemy
400 Sounds Pack,Combat and Gore,splat_double_quick.wav,splat_double_quick,.wav,action_rpg_mode/assets/sounds/400 Sounds Pack/Combat and Gore/splat_double_quick.wav,84012,0.476,death|hit_enemy|ui
400 Sounds Pack,Combat and Gore,splat_quick.wav,splat_quick,.wav,action_rpg_mode/assets/sounds/400 Sounds Pack/Combat and Gore/splat_quick.wav,57388,0.325,death|hit_enemy|ui
400 Sounds Pack,Combat and Gore,squelching_1.wav,squelching_1,.wav,action_rpg_mode/assets/sounds/400 Sounds Pack/Combat and Gore/squelching_1.wav,153644,0.871,death|hit_enemy
400 Sounds Pack,Combat and Gore,squelching_2.wav,squelching_2,.wav,action_rpg_mode/assets/sounds/400 Sounds Pack/Combat and Gore/squelching_2.wav,149548,0.848,death|hit_enemy
400 Sounds Pack,Combat and Gore,squelching_3.wav,squelching_3,.wav,action_rpg_mode/assets/sounds/400 Sounds Pack/Combat and Gore/squelching_3.wav,81964,0.464,death|hit_enemy
400 Sounds Pack,Combat and Gore,squelching_4.wav,squelching_4,.wav,action_rpg_mode/assets/sounds/400 Sounds Pack/Combat and Gore/squelching_4.wav,139308,0.789,death|hit_enemy
400 Sounds Pack,Combat and Gore,swipe.wav,swipe,.wav,action_rpg_mode/assets/sounds/400 Sounds Pack/Combat and Gore/swipe.wav,68708,0.389,attack|death|hit_enemy
400 Sounds Pack,Environment,air_burst.wav,air_burst,.wav,action_rpg_mode/assets/sounds/400 Sounds Pack/Environment/air_burst.wav,53292,0.302,environment
400 Sounds Pack,Environment,ambient_wind.wav,ambient_wind,.wav,action_rpg_mode/assets/sounds/400 Sounds Pack/Environment/ambient_wind.wav,1518232,8.607,environment|quest
400 Sounds Pack,Environment,clock_tick_only.wav,clock_tick_only,.wav,action_rpg_mode/assets/sounds/400 Sounds Pack/Environment/clock_tick_only.wav,165932,0.94,environment
400 Sounds Pack,Environment,clock_ticking.wav,clock_ticking,.wav,action_rpg_mode/assets/sounds/400 Sounds Pack/Environment/clock_ticking.wav,705644,4.0,environment
400 Sounds Pack,Environment,clock_tock_only.wav,clock_tock_only,.wav,action_rpg_mode/assets/sounds/400 Sounds Pack/Environment/clock_tock_only.wav,173164,0.981,environment
400 Sounds Pack,Environment,creaky_door_long.wav,creaky_door_long,.wav,action_rpg_mode/assets/sounds/400 Sounds Pack/Environment/creaky_door_long.wav,700460,3.971,machine
400 Sounds Pack,Environment,creaky_door_short.wav,creaky_door_short,.wav,action_rpg_mode/assets/sounds/400 Sounds Pack/Environment/creaky_door_short.wav,149036,0.845,machine
400 Sounds Pack,Environment,door_close.wav,door_close,.wav,action_rpg_mode/assets/sounds/400 Sounds Pack/Environment/door_close.wav,147500,0.836,machine
400 Sounds Pack,Environment,door_knock.wav,door_knock,.wav,action_rpg_mode/assets/sounds/400 Sounds Pack/Environment/door_knock.wav,184364,1.045,machine
400 Sounds Pack,Environment,door_open.wav,door_open,.wav,action_rpg_mode/assets/sounds/400 Sounds Pack/Environment/door_open.wav,288812,1.637,machine
400 Sounds Pack,Environment,fire_lighting.wav,fire_lighting,.wav,action_rpg_mode/assets/sounds/400 Sounds Pack/Environment/fire_lighting.wav,114732,0.65,environment|magic
400 Sounds Pack,Environment,gurgling.wav,gurgling,.wav,action_rpg_mode/assets/sounds/400 Sounds Pack/Environment/gurgling.wav,380972,2.159,environment
400 Sounds Pack,Environment,ice_in_water.wav,ice_in_water,.wav,action_rpg_mode/assets/sounds/400 Sounds Pack/Environment/ice_in_water.wav,86060,0.488,environment|footstep|magic
400 Sounds Pack,Environment,lock_lock.wav,lock_lock,.wav,action_rpg_mode/assets/sounds/400 Sounds Pack/Environment/lock_lock.wav,170028,0.964,environment
400 Sounds Pack,Environment,lock_quick.wav,lock_quick,.wav,action_rpg_mode/assets/sounds/400 Sounds Pack/Environment/lock_quick.wav,108588,0.615,ui
400 Sounds Pack,Environment,lock_unlock.wav,lock_unlock,.wav,action_rpg_mode/assets/sounds/400 Sounds Pack/Environment/lock_unlock.wav,143404,0.813,environment
400 Sounds Pack,Environment,water_babbling_loop.wav,water_babbling_loop,.wav,action_rpg_mode/assets/sounds/400 Sounds Pack/Environment/water_babbling_loop.wav,708652,4.017,environment|footstep
400 Sounds Pack,Environment,water_boiling_loop.wav,water_boiling_loop,.wav,action_rpg_mode/assets/sounds/400 Sounds Pack/Environment/water_boiling_loop.wav,1765420,10.008,environment|footstep
400 Sounds Pack,Environment,water_dripping.wav,water_dripping,.wav,action_rpg_mode/assets/sounds/400 Sounds Pack/Environment/water_dripping.wav,3022892,17.136,environment|footstep
400 Sounds Pack,Environment,water_drop_medium.wav,water_drop_medium,.wav,action_rpg_mode/assets/sounds/400 Sounds Pack/Environment/water_drop_medium.wav,120876,0.685,environment|footstep
400 Sounds Pack,Environment,water_drop_synthetic.wav,water_drop_synthetic,.wav,action_rpg_mode/assets/sounds/400 Sounds Pack/Environment/water_drop_synthetic.wav,12536,0.071,environment|footstep
400 Sounds Pack,Environment,water_splashing.wav,water_splashing,.wav,action_rpg_mode/assets/sounds/400 Sounds Pack/Environment/water_splashing.wav,202796,1.149,environment|footstep
400 Sounds Pack,Environment,zipper_down.wav,zipper_down,.wav,action_rpg_mode/assets/sounds/400 Sounds Pack/Environment/zipper_down.wav,94252,0.534,environment
400 Sounds Pack,Environment,zipper_up.wav,zipper_up,.wav,action_rpg_mode/assets/sounds/400 Sounds Pack/Environment/zipper_up.wav,61484,0.348,environment
400 Sounds Pack,Footsteps,digital_footstep_grass_1.wav,digital_footstep_grass_1,.wav,action_rpg_mode/assets/sounds/400 Sounds Pack/Footsteps/digital/digital_footstep_grass_1.wav,27970,0.317,footstep
400 Sounds Pack,Footsteps,digital_footstep_grass_2.wav,digital_footstep_grass_2,.wav,action_rpg_mode/assets/sounds/400 Sounds Pack/Footsteps/digital/digital_footstep_grass_2.wav,26260,0.297,footstep
400 Sounds Pack,Footsteps,digital_footstep_grass_3.wav,digital_footstep_grass_3,.wav,action_rpg_mode/assets/sounds/400 Sounds Pack/Footsteps/digital/digital_footstep_grass_3.wav,27272,0.309,footstep
400 Sounds Pack,Footsteps,digital_footstep_grass_4.wav,digital_footstep_grass_4,.wav,action_rpg_mode/assets/sounds/400 Sounds Pack/Footsteps/digital/digital_footstep_grass_4.wav,31118,0.352,footstep
400 Sounds Pack,Footsteps,digital_footstep_gravel_1.wav,digital_footstep_gravel_1,.wav,action_rpg_mode/assets/sounds/400 Sounds Pack/Footsteps/digital/digital_footstep_gravel_1.wav,27970,0.317,footstep
400 Sounds Pack,Footsteps,digital_footstep_gravel_2.wav,digital_footstep_gravel_2,.wav,action_rpg_mode/assets/sounds/400 Sounds Pack/Footsteps/digital/digital_footstep_gravel_2.wav,26260,0.297,footstep
400 Sounds Pack,Footsteps,digital_footstep_gravel_3.wav,digital_footstep_gravel_3,.wav,action_rpg_mode/assets/sounds/400 Sounds Pack/Footsteps/digital/digital_footstep_gravel_3.wav,27272,0.309,footstep
400 Sounds Pack,Footsteps,digital_footstep_gravel_4.wav,digital_footstep_gravel_4,.wav,action_rpg_mode/assets/sounds/400 Sounds Pack/Footsteps/digital/digital_footstep_gravel_4.wav,31118,0.352,footstep
400 Sounds Pack,Footsteps,digital_footstep_snow_1.wav,digital_footstep_snow_1,.wav,action_rpg_mode/assets/sounds/400 Sounds Pack/Footsteps/digital/digital_footstep_snow_1.wav,27970,0.317,footstep
400 Sounds Pack,Footsteps,digital_footstep_snow_2.wav,digital_footstep_snow_2,.wav,action_rpg_mode/assets/sounds/400 Sounds Pack/Footsteps/digital/digital_footstep_snow_2.wav,26260,0.297,footstep
400 Sounds Pack,Footsteps,digital_footstep_snow_3.wav,digital_footstep_snow_3,.wav,action_rpg_mode/assets/sounds/400 Sounds Pack/Footsteps/digital/digital_footstep_snow_3.wav,27272,0.309,footstep
400 Sounds Pack,Footsteps,digital_footstep_snow_4.wav,digital_footstep_snow_4,.wav,action_rpg_mode/assets/sounds/400 Sounds Pack/Footsteps/digital/digital_footstep_snow_4.wav,31118,0.352,footstep
400 Sounds Pack,Footsteps,digital_footstep_wood_1.wav,digital_footstep_wood_1,.wav,action_rpg_mode/assets/sounds/400 Sounds Pack/Footsteps/digital/digital_footstep_wood_1.wav,27970,0.317,footstep|shop
400 Sounds Pack,Footsteps,digital_footstep_wood_2.wav,digital_footstep_wood_2,.wav,action_rpg_mode/assets/sounds/400 Sounds Pack/Footsteps/digital/digital_footstep_wood_2.wav,26260,0.297,footstep|shop
400 Sounds Pack,Footsteps,digital_footstep_wood_3.wav,digital_footstep_wood_3,.wav,action_rpg_mode/assets/sounds/400 Sounds Pack/Footsteps/digital/digital_footstep_wood_3.wav,27272,0.309,footstep|shop
400 Sounds Pack,Footsteps,digital_footstep_wood_4.wav,digital_footstep_wood_4,.wav,action_rpg_mode/assets/sounds/400 Sounds Pack/Footsteps/digital/digital_footstep_wood_4.wav,31118,0.352,footstep|shop
400 Sounds Pack,Footsteps,foley_creak_1.wav,foley_creak_1,.wav,action_rpg_mode/assets/sounds/400 Sounds Pack/Footsteps/foley_creak_1.wav,90156,0.511,footstep
400 Sounds Pack,Footsteps,foley_footstep_carpet_1.wav,foley_footstep_carpet_1,.wav,action_rpg_mode/assets/sounds/400 Sounds Pack/Footsteps/foley_footstep_carpet_1.wav,86060,0.488,footstep
400 Sounds Pack,Footsteps,foley_footstep_carpet_2.wav,foley_footstep_carpet_2,.wav,action_rpg_mode/assets/sounds/400 Sounds Pack/Footsteps/foley_footstep_carpet_2.wav,108588,0.615,footstep
400 Sounds Pack,Footsteps,foley_footstep_carpet_3.wav,foley_footstep_carpet_3,.wav,action_rpg_mode/assets/sounds/400 Sounds Pack/Footsteps/foley_footstep_carpet_3.wav,96300,0.546,footstep
400 Sounds Pack,Footsteps,foley_footstep_carpet_4.wav,foley_footstep_carpet_4,.wav,action_rpg_mode/assets/sounds/400 Sounds Pack/Footsteps/foley_footstep_carpet_4.wav,118828,0.673,footstep
400 Sounds Pack,Footsteps,foley_footstep_concrete_1.wav,foley_footstep_concrete_1,.wav,action_rpg_mode/assets/sounds/400 Sounds Pack/Footsteps/foley_footstep_concrete_1.wav,50732,0.287,footstep
400 Sounds Pack,Footsteps,foley_footstep_concrete_2.wav,foley_footstep_concrete_2,.wav,action_rpg_mode/assets/sounds/400 Sounds Pack/Footsteps/foley_footstep_concrete_2.wav,49708,0.282,footstep
400 Sounds Pack,Footsteps,foley_footstep_concrete_3.wav,foley_footstep_concrete_3,.wav,action_rpg_mode/assets/sounds/400 Sounds Pack/Footsteps/foley_footstep_concrete_3.wav,43052,0.244,footstep
400 Sounds Pack,Footsteps,foley_footstep_concrete_4.wav,foley_footstep_concrete_4,.wav,action_rpg_mode/assets/sounds/400 Sounds Pack/Footsteps/foley_footstep_concrete_4.wav,46124,0.261,footstep
400 Sounds Pack,Footsteps,foley_footstep_gravel_1.wav,foley_footstep_gravel_1,.wav,action_rpg_mode/assets/sounds/400 Sounds Pack/Footsteps/foley_footstep_gravel_1.wav,84524,0.479,footstep
400 Sounds Pack,Footsteps,foley_footstep_gravel_2.wav,foley_footstep_gravel_2,.wav,action_rpg_mode/assets/sounds/400 Sounds Pack/Footsteps/foley_footstep_gravel_2.wav,92716,0.525,footstep
400 Sounds Pack,Footsteps,foley_footstep_gravel_3.wav,foley_footstep_gravel_3,.wav,action_rpg_mode/assets/sounds/400 Sounds Pack/Footsteps/foley_footstep_gravel_3.wav,60972,0.345,footstep
400 Sounds Pack,Footsteps,foley_footstep_gravel_4.wav,foley_footstep_gravel_4,.wav,action_rpg_mode/assets/sounds/400 Sounds Pack/Footsteps/foley_footstep_gravel_4.wav,108076,0.612,footstep
400 Sounds Pack,Footsteps,foley_footstep_vinyl_1.wav,foley_footstep_vinyl_1,.wav,action_rpg_mode/assets/sounds/400 Sounds Pack/Footsteps/foley_footstep_vinyl_1.wav,81964,0.464,footstep
400 Sounds Pack,Footsteps,foley_footstep_vinyl_2.wav,foley_footstep_vinyl_2,.wav,action_rpg_mode/assets/sounds/400 Sounds Pack/Footsteps/foley_footstep_vinyl_2.wav,65580,0.372,footstep
400 Sounds Pack,Footsteps,foley_footstep_vinyl_3.wav,foley_footstep_vinyl_3,.wav,action_rpg_mode/assets/sounds/400 Sounds Pack/Footsteps/foley_footstep_vinyl_3.wav,67628,0.383,footstep
400 Sounds Pack,Footsteps,foley_footstep_vinyl_4.wav,foley_footstep_vinyl_4,.wav,action_rpg_mode/assets/sounds/400 Sounds Pack/Footsteps/foley_footstep_vinyl_4.wav,96300,0.546,footstep
400 Sounds Pack,Human,belch_1.wav,belch_1,.wav,action_rpg_mode/assets/sounds/400 Sounds Pack/Human/belch_1.wav,74796,0.424,hit_player
400 Sounds Pack,Human,belch_2.wav,belch_2,.wav,action_rpg_mode/assets/sounds/400 Sounds Pack/Human/belch_2.wav,163884,0.929,hit_player
400 Sounds Pack,Human,belch_3.wav,belch_3,.wav,action_rpg_mode/assets/sounds/400 Sounds Pack/Human/belch_3.wav,57388,0.325,hit_player
400 Sounds Pack,Human,cough_double.wav,cough_double,.wav,action_rpg_mode/assets/sounds/400 Sounds Pack/Human/cough_double.wav,213036,1.207,hit_player
400 Sounds Pack,Human,cough_short.wav,cough_short,.wav,action_rpg_mode/assets/sounds/400 Sounds Pack/Human/cough_short.wav,159788,0.906,hit_player
400 Sounds Pack,Human,man_0.wav,man_0,.wav,action_rpg_mode/assets/sounds/400 Sounds Pack/Human/man_0.wav,96300,0.546,hit_player
400 Sounds Pack,Human,man_1.wav,man_1,.wav,action_rpg_mode/assets/sounds/400 Sounds Pack/Human/man_1.wav,71724,0.406,hit_player
400 Sounds Pack,Human,man_10.wav,man_10,.wav,action_rpg_mode/assets/sounds/400 Sounds Pack/Human/man_10.wav,71724,0.406,hit_player
400 Sounds Pack,Human,man_2.wav,man_2,.wav,action_rpg_mode/assets/sounds/400 Sounds Pack/Human/man_2.wav,65580,0.372,hit_player
400 Sounds Pack,Human,man_3.wav,man_3,.wav,action_rpg_mode/assets/sounds/400 Sounds Pack/Human/man_3.wav,84012,0.476,hit_player
400 Sounds Pack,Human,man_4.wav,man_4,.wav,action_rpg_mode/assets/sounds/400 Sounds Pack/Human/man_4.wav,102444,0.58,hit_player
400 Sounds Pack,Human,man_5.wav,man_5,.wav,action_rpg_mode/assets/sounds/400 Sounds Pack/Human/man_5.wav,90156,0.511,hit_player
400 Sounds Pack,Human,man_6.wav,man_6,.wav,action_rpg_mode/assets/sounds/400 Sounds Pack/Human/man_6.wav,116780,0.662,hit_player
400 Sounds Pack,Human,man_7.wav,man_7,.wav,action_rpg_mode/assets/sounds/400 Sounds Pack/Human/man_7.wav,86060,0.488,hit_player
400 Sounds Pack,Human,man_8.wav,man_8,.wav,action_rpg_mode/assets/sounds/400 Sounds Pack/Human/man_8.wav,65580,0.372,hit_player
400 Sounds Pack,Human,man_9.wav,man_9,.wav,action_rpg_mode/assets/sounds/400 Sounds Pack/Human/man_9.wav,90156,0.511,hit_player
400 Sounds Pack,Human,whistle.wav,whistle,.wav,action_rpg_mode/assets/sounds/400 Sounds Pack/Human/whistle.wav,319532,1.811,hit_player
400 Sounds Pack,Items,air_pump.wav,air_pump,.wav,action_rpg_mode/assets/sounds/400 Sounds Pack/Items/air_pump.wav,91692,0.52,loot|shop
400 Sounds Pack,Items,book_close.wav,book_close,.wav,action_rpg_mode/assets/sounds/400 Sounds Pack/Items/book_close.wav,32812,0.186,loot|shop
400 Sounds Pack,Items,book_open.wav,book_open,.wav,action_rpg_mode/assets/sounds/400 Sounds Pack/Items/book_open.wav,127020,0.72,loot|shop
400 Sounds Pack,Items,broom_sweep_1.wav,broom_sweep_1,.wav,action_rpg_mode/assets/sounds/400 Sounds Pack/Items/broom_sweep_1.wav,104492,0.592,loot|shop
400 Sounds Pack,Items,broom_sweep_2.wav,broom_sweep_2,.wav,action_rpg_mode/assets/sounds/400 Sounds Pack/Items/broom_sweep_2.wav,130092,0.737,loot|shop
400 Sounds Pack,Items,coin_collect.wav,coin_collect,.wav,action_rpg_mode/assets/sounds/400 Sounds Pack/Items/coin_collect.wav,247520,1.403,loot|shop
400 Sounds Pack,Items,coin_jingle_small.wav,coin_jingle_small,.wav,action_rpg_mode/assets/sounds/400 Sounds Pack/Items/coin_jingle_small.wav,102444,0.58,loot|shop
400 Sounds Pack,Items,coins_gather_medium.wav,coins_gather_medium,.wav,action_rpg_mode/assets/sounds/400 Sounds Pack/Items/coins_gather_medium.wav,155692,0.882,loot|shop
400 Sounds Pack,Items,coins_gather_quick.wav,coins_gather_quick,.wav,action_rpg_mode/assets/sounds/400 Sounds Pack/Items/coins_gather_quick.wav,84012,0.476,loot|shop|ui
400 Sounds Pack,Items,coins_gather_small.wav,coins_gather_small,.wav,action_rpg_mode/assets/sounds/400 Sounds Pack/Items/coins_gather_small.wav,69676,0.395,loot|shop
400 Sounds Pack,Items,gem_collect.wav,gem_collect,.wav,action_rpg_mode/assets/sounds/400 Sounds Pack/Items/gem_collect.wav,297040,1.684,loot|shop
400 Sounds Pack,Items,heart_collect.wav,heart_collect,.wav,action_rpg_mode/assets/sounds/400 Sounds Pack/Items/heart_collect.wav,139348,0.79,loot|shop
400 Sounds Pack,Items,item_equip.wav,item_equip,.wav,action_rpg_mode/assets/sounds/400 Sounds Pack/Items/item_equip.wav,53292,0.302,loot|shop|ui
400 Sounds Pack,Items,jingle_bells_1.wav,jingle_bells_1,.wav,action_rpg_mode/assets/sounds/400 Sounds Pack/Items/jingle_bells_1.wav,200748,1.138,loot|shop
400 Sounds Pack,Items,jingle_bells_2.wav,jingle_bells_2,.wav,action_rpg_mode/assets/sounds/400 Sounds Pack/Items/jingle_bells_2.wav,139308,0.789,loot|shop
400 Sounds Pack,Items,keys_jingling.wav,keys_jingling,.wav,action_rpg_mode/assets/sounds/400 Sounds Pack/Items/keys_jingling.wav,90156,0.511,loot|shop
400 Sounds Pack,Items,map_close.wav,map_close,.wav,action_rpg_mode/assets/sounds/400 Sounds Pack/Items/map_close.wav,106540,0.604,loot|shop
400 Sounds Pack,Items,map_open.wav,map_open,.wav,action_rpg_mode/assets/sounds/400 Sounds Pack/Items/map_open.wav,106540,0.604,loot|shop
400 Sounds Pack,Items,page_turn.wav,page_turn,.wav,action_rpg_mode/assets/sounds/400 Sounds Pack/Items/page_turn.wav,159788,0.906,loot|shop
400 Sounds Pack,Items,pencil_eraser.wav,pencil_eraser,.wav,action_rpg_mode/assets/sounds/400 Sounds Pack/Items/pencil_eraser.wav,147596,0.836,loot|shop
400 Sounds Pack,Items,pencil_scribble.wav,pencil_scribble,.wav,action_rpg_mode/assets/sounds/400 Sounds Pack/Items/pencil_scribble.wav,415788,2.357,loot|shop
400 Sounds Pack,Items,shovel_dig.wav,shovel_dig,.wav,action_rpg_mode/assets/sounds/400 Sounds Pack/Items/shovel_dig.wav,106540,0.604,loot|shop
400 Sounds Pack,Items,tennis_ball_bounce_1.wav,tennis_ball_bounce_1,.wav,action_rpg_mode/assets/sounds/400 Sounds Pack/Items/tennis_ball_bounce_1.wav,54828,0.311,loot|shop
400 Sounds Pack,Items,tennis_ball_bounce_2.wav,tennis_ball_bounce_2,.wav,action_rpg_mode/assets/sounds/400 Sounds Pack/Items/tennis_ball_bounce_2.wav,43052,0.244,loot|shop
400 Sounds Pack,Machines,drill_whizz.wav,drill_whizz,.wav,action_rpg_mode/assets/sounds/400 Sounds Pack/Machines/drill_whizz.wav,352336,1.997,machine
400 Sounds Pack,Machines,hairdryer.wav,hairdryer,.wav,action_rpg_mode/assets/sounds/400 Sounds Pack/Machines/hairdryer.wav,384044,2.177,machine
400 Sounds Pack,Machines,hydraulic_down.wav,hydraulic_down,.wav,action_rpg_mode/assets/sounds/400 Sounds Pack/Machines/hydraulic_down.wav,165932,0.94,machine
400 Sounds Pack,Machines,hydraulic_up.wav,hydraulic_up,.wav,action_rpg_mode/assets/sounds/400 Sounds Pack/Machines/hydraulic_up.wav,198700,1.126,machine
400 Sounds Pack,Machines,industrial_door_close.wav,industrial_door_close,.wav,action_rpg_mode/assets/sounds/400 Sounds Pack/Machines/industrial_door_close.wav,143404,0.813,machine
400 Sounds Pack,Machines,industrial_door_open.wav,industrial_door_open,.wav,action_rpg_mode/assets/sounds/400 Sounds Pack/Machines/industrial_door_open.wav,163884,0.929,machine
400 Sounds Pack,Machines,razor_buzz.wav,razor_buzz,.wav,action_rpg_mode/assets/sounds/400 Sounds Pack/Machines/razor_buzz.wav,249900,1.416,machine
400 Sounds Pack,Match Three,match_synth_1.wav,match_synth_1,.wav,action_rpg_mode/assets/sounds/400 Sounds Pack/Match Three/match_synth_1.wav,422476,2.395,match_three
400 Sounds Pack,Match Three,match_synth_10_MAX.wav,match_synth_10_MAX,.wav,action_rpg_mode/assets/sounds/400 Sounds Pack/Match Three/match_synth_10_MAX.wav,412348,2.337,match_three
400 Sounds Pack,Match Three,match_synth_2.wav,match_synth_2,.wav,action_rpg_mode/assets/sounds/400 Sounds Pack/Match Three/match_synth_2.wav,420772,2.385,match_three
400 Sounds Pack,Match Three,match_synth_3.wav,match_synth_3,.wav,action_rpg_mode/assets/sounds/400 Sounds Pack/Match Three/match_synth_3.wav,415072,2.353,match_three
400 Sounds Pack,Match Three,match_synth_4.wav,match_synth_4,.wav,action_rpg_mode/assets/sounds/400 Sounds Pack/Match Three/match_synth_4.wav,414656,2.35,match_three
400 Sounds Pack,Match Three,match_synth_5.wav,match_synth_5,.wav,action_rpg_mode/assets/sounds/400 Sounds Pack/Match Three/match_synth_5.wav,399708,2.266,match_three
400 Sounds Pack,Match Three,match_synth_6.wav,match_synth_6,.wav,action_rpg_mode/assets/sounds/400 Sounds Pack/Match Three/match_synth_6.wav,404156,2.291,match_three
400 Sounds Pack,Match Three,match_synth_7.wav,match_synth_7,.wav,action_rpg_mode/assets/sounds/400 Sounds Pack/Match Three/match_synth_7.wav,401180,2.274,match_three
400 Sounds Pack,Match Three,match_synth_8.wav,match_synth_8,.wav,action_rpg_mode/assets/sounds/400 Sounds Pack/Match Three/match_synth_8.wav,399080,2.262,match_three
400 Sounds Pack,Match Three,match_synth_9.wav,match_synth_9,.wav,action_rpg_mode/assets/sounds/400 Sounds Pack/Match Three/match_synth_9.wav,395128,2.24,match_three
400 Sounds Pack,Match Three,match_xylophone_1.wav,match_xylophone_1,.wav,action_rpg_mode/assets/sounds/400 Sounds Pack/Match Three/match_xylophone_1.wav,190040,1.077,match_three
400 Sounds Pack,Match Three,match_xylophone_10_MAX.wav,match_xylophone_10_MAX,.wav,action_rpg_mode/assets/sounds/400 Sounds Pack/Match Three/match_xylophone_10_MAX.wav,188912,1.071,match_three
400 Sounds Pack,Match Three,match_xylophone_2.wav,match_xylophone_2,.wav,action_rpg_mode/assets/sounds/400 Sounds Pack/Match Three/match_xylophone_2.wav,187140,1.061,match_three
400 Sounds Pack,Match Three,match_xylophone_3.wav,match_xylophone_3,.wav,action_rpg_mode/assets/sounds/400 Sounds Pack/Match Three/match_xylophone_3.wav,188912,1.071,match_three
400 Sounds Pack,Match Three,match_xylophone_4.wav,match_xylophone_4,.wav,action_rpg_mode/assets/sounds/400 Sounds Pack/Match Three/match_xylophone_4.wav,182508,1.034,match_three
400 Sounds Pack,Match Three,match_xylophone_5.wav,match_xylophone_5,.wav,action_rpg_mode/assets/sounds/400 Sounds Pack/Match Three/match_xylophone_5.wav,177648,1.007,match_three
400 Sounds Pack,Match Three,match_xylophone_6.wav,match_xylophone_6,.wav,action_rpg_mode/assets/sounds/400 Sounds Pack/Match Three/match_xylophone_6.wav,162760,0.922,match_three
400 Sounds Pack,Match Three,match_xylophone_7.wav,match_xylophone_7,.wav,action_rpg_mode/assets/sounds/400 Sounds Pack/Match Three/match_xylophone_7.wav,147552,0.836,match_three
400 Sounds Pack,Match Three,match_xylophone_8.wav,match_xylophone_8,.wav,action_rpg_mode/assets/sounds/400 Sounds Pack/Match Three/match_xylophone_8.wav,157304,0.891,match_three
400 Sounds Pack,Match Three,match_xylophone_9.wav,match_xylophone_9,.wav,action_rpg_mode/assets/sounds/400 Sounds Pack/Match Three/match_xylophone_9.wav,148048,0.839,match_three
400 Sounds Pack,Materials,aluminium_can_pick_up.wav,aluminium_can_pick_up,.wav,action_rpg_mode/assets/sounds/400 Sounds Pack/Materials/aluminium_can_pick_up.wav,77868,0.441,materials
400 Sounds Pack,Materials,aluminium_can_place.wav,aluminium_can_place,.wav,action_rpg_mode/assets/sounds/400 Sounds Pack/Materials/aluminium_can_place.wav,90156,0.511,materials
400 Sounds Pack,Materials,bamboo_drop.wav,bamboo_drop,.wav,action_rpg_mode/assets/sounds/400 Sounds Pack/Materials/bamboo_drop.wav,54316,0.308,materials
400 Sounds Pack,Materials,cardboard_box_close.wav,cardboard_box_close,.wav,action_rpg_mode/assets/sounds/400 Sounds Pack/Materials/cardboard_box_close.wav,206892,1.173,materials
400 Sounds Pack,Materials,cardboard_drop.wav,cardboard_drop,.wav,action_rpg_mode/assets/sounds/400 Sounds Pack/Materials/cardboard_drop.wav,167980,0.952,materials
400 Sounds Pack,Materials,cardboard_hit.wav,cardboard_hit,.wav,action_rpg_mode/assets/sounds/400 Sounds Pack/Materials/cardboard_hit.wav,120876,0.685,hit_enemy|hit_player
400 Sounds Pack,Materials,cardboard_pick_up.wav,cardboard_pick_up,.wav,action_rpg_mode/assets/sounds/400 Sounds Pack/Materials/cardboard_pick_up.wav,182316,1.033,materials
400 Sounds Pack,Materials,cardboard_push.wav,cardboard_push,.wav,action_rpg_mode/assets/sounds/400 Sounds Pack/Materials/cardboard_push.wav,233516,1.324,materials
400 Sounds Pack,Materials,cardboard_tear.wav,cardboard_tear,.wav,action_rpg_mode/assets/sounds/400 Sounds Pack/Materials/cardboard_tear.wav,200748,1.138,materials
400 Sounds Pack,Materials,ceramic_jar_close.wav,ceramic_jar_close,.wav,action_rpg_mode/assets/sounds/400 Sounds Pack/Materials/ceramic_jar_close.wav,98348,0.557,materials
400 Sounds Pack,Materials,ceramic_jar_open.wav,ceramic_jar_open,.wav,action_rpg_mode/assets/sounds/400 Sounds Pack/Materials/ceramic_jar_open.wav,79916,0.453,materials
400 Sounds Pack,Materials,clothing_1.wav,clothing_1,.wav,action_rpg_mode/assets/sounds/400 Sounds Pack/Materials/clothing_1.wav,215084,1.219,shop
400 Sounds Pack,Materials,clothing_2.wav,clothing_2,.wav,action_rpg_mode/assets/sounds/400 Sounds Pack/Materials/clothing_2.wav,264236,1.498,shop
400 Sounds Pack,Materials,clothing_thud.wav,clothing_thud,.wav,action_rpg_mode/assets/sounds/400 Sounds Pack/Materials/clothing_thud.wav,116780,0.662,hit_enemy|shop
400 Sounds Pack,Materials,concrete_scrape.wav,concrete_scrape,.wav,action_rpg_mode/assets/sounds/400 Sounds Pack/Materials/concrete_scrape.wav,152108,0.862,materials
400 Sounds Pack,Materials,cork_stabbed.wav,cork_stabbed,.wav,action_rpg_mode/assets/sounds/400 Sounds Pack/Materials/cork_stabbed.wav,60460,0.342,attack
400 Sounds Pack,Materials,glass_ping_big.wav,glass_ping_big,.wav,action_rpg_mode/assets/sounds/400 Sounds Pack/Materials/glass_ping_big.wav,206892,1.173,materials
400 Sounds Pack,Materials,glass_ping_small.wav,glass_ping_small,.wav,action_rpg_mode/assets/sounds/400 Sounds Pack/Materials/glass_ping_small.wav,118828,0.673,materials
400 Sounds Pack,Materials,metal_blunt_tap.wav,metal_blunt_tap,.wav,action_rpg_mode/assets/sounds/400 Sounds Pack/Materials/metal_blunt_tap.wav,73772,0.418,machine|shop
400 Sounds Pack,Materials,metal_clang.wav,metal_clang,.wav,action_rpg_mode/assets/sounds/400 Sounds Pack/Materials/metal_clang.wav,104492,0.592,machine|shop
400 Sounds Pack,Materials,paper_move.wav,paper_move,.wav,action_rpg_mode/assets/sounds/400 Sounds Pack/Materials/paper_move.wav,114732,0.65,shop
400 Sounds Pack,Materials,paper_scrunch.wav,paper_scrunch,.wav,action_rpg_mode/assets/sounds/400 Sounds Pack/Materials/paper_scrunch.wav,178220,1.01,footstep|hit_enemy|shop
400 Sounds Pack,Materials,paper_sort.wav,paper_sort,.wav,action_rpg_mode/assets/sounds/400 Sounds Pack/Materials/paper_sort.wav,206892,1.173,shop
400 Sounds Pack,Materials,paper_tear_1.wav,paper_tear_1,.wav,action_rpg_mode/assets/sounds/400 Sounds Pack/Materials/paper_tear_1.wav,153644,0.871,shop
400 Sounds Pack,Materials,paper_tear_2.wav,paper_tear_2,.wav,action_rpg_mode/assets/sounds/400 Sounds Pack/Materials/paper_tear_2.wav,217132,1.231,shop
400 Sounds Pack,Materials,pottery_clang.wav,pottery_clang,.wav,action_rpg_mode/assets/sounds/400 Sounds Pack/Materials/pottery_clang.wav,98348,0.557,materials
400 Sounds Pack,Materials,stone_push_long.wav,stone_push_long,.wav,action_rpg_mode/assets/sounds/400 Sounds Pack/Materials/stone_push_long.wav,438316,2.485,footstep
400 Sounds Pack,Materials,stone_push_medium.wav,stone_push_medium,.wav,action_rpg_mode/assets/sounds/400 Sounds Pack/Materials/stone_push_medium.wav,307244,1.741,footstep
400 Sounds Pack,Materials,stone_push_short.wav,stone_push_short,.wav,action_rpg_mode/assets/sounds/400 Sounds Pack/Materials/stone_push_short.wav,163884,0.929,footstep
400 Sounds Pack,Materials,wood_small_drop.wav,wood_small_drop,.wav,action_rpg_mode/assets/sounds/400 Sounds Pack/Materials/wood_small_drop.wav,94252,0.534,footstep|shop
400 Sounds Pack,Materials,wood_small_gather.wav,wood_small_gather,.wav,action_rpg_mode/assets/sounds/400 Sounds Pack/Materials/wood_small_gather.wav,147500,0.836,footstep|shop
400 Sounds Pack,Materials,wood_small_hollow.wav,wood_small_hollow,.wav,action_rpg_mode/assets/sounds/400 Sounds Pack/Materials/wood_small_hollow.wav,79916,0.453,footstep|shop
400 Sounds Pack,Materials,wood_small_pickup.wav,wood_small_pickup,.wav,action_rpg_mode/assets/sounds/400 Sounds Pack/Materials/wood_small_pickup.wav,98348,0.557,footstep|loot|shop
400 Sounds Pack,Musical Effects,8_bit_chime_positive.wav,8_bit_chime_positive,.wav,action_rpg_mode/assets/sounds/400 Sounds Pack/Musical Effects/8_bit_chime_positive.wav,54612,0.309,musical_effects
400 Sounds Pack,Musical Effects,8_bit_chime_quick.wav,8_bit_chime_quick,.wav,action_rpg_mode/assets/sounds/400 Sounds Pack/Musical Effects/8_bit_chime_quick.wav,66604,0.377,ui
400 Sounds Pack,Musical Effects,8_bit_defeated.wav,8_bit_defeated,.wav,action_rpg_mode/assets/sounds/400 Sounds Pack/Musical Effects/8_bit_defeated.wav,543132,3.079,musical_effects
400 Sounds Pack,Musical Effects,8_bit_inn.wav,8_bit_inn,.wav,action_rpg_mode/assets/sounds/400 Sounds Pack/Musical Effects/8_bit_inn.wav,521044,2.954,musical_effects
400 Sounds Pack,Musical Effects,8_bit_level_complete.wav,8_bit_level_complete,.wav,action_rpg_mode/assets/sounds/400 Sounds Pack/Musical Effects/8_bit_level_complete.wav,545024,3.089,quest
400 Sounds Pack,Musical Effects,8_bit_level_start.wav,8_bit_level_start,.wav,action_rpg_mode/assets/sounds/400 Sounds Pack/Musical Effects/8_bit_level_start.wav,367524,2.083,quest
400 Sounds Pack,Musical Effects,8_bit_mystery.wav,8_bit_mystery,.wav,action_rpg_mode/assets/sounds/400 Sounds Pack/Musical Effects/8_bit_mystery.wav,213632,1.211,musical_effects
400 Sounds Pack,Musical Effects,8_bit_negative.wav,8_bit_negative,.wav,action_rpg_mode/assets/sounds/400 Sounds Pack/Musical Effects/8_bit_negative.wav,146444,0.83,musical_effects
400 Sounds Pack,Musical Effects,8_bit_negative_long.wav,8_bit_negative_long,.wav,action_rpg_mode/assets/sounds/400 Sounds Pack/Musical Effects/8_bit_negative_long.wav,146060,0.828,musical_effects
400 Sounds Pack,Musical Effects,8_bit_negative_quick.wav,8_bit_negative_quick,.wav,action_rpg_mode/assets/sounds/400 Sounds Pack/Musical Effects/8_bit_negative_quick.wav,66684,0.378,ui
400 Sounds Pack,Musical Effects,8_bit_positive_long.wav,8_bit_positive_long,.wav,action_rpg_mode/assets/sounds/400 Sounds Pack/Musical Effects/8_bit_positive_long.wav,213596,1.211,musical_effects
400 Sounds Pack,Musical Effects,brass_chime_positive.wav,brass_chime_positive,.wav,action_rpg_mode/assets/sounds/400 Sounds Pack/Musical Effects/brass_chime_positive.wav,70692,0.4,musical_effects
400 Sounds Pack,Musical Effects,brass_chime_quick.wav,brass_chime_quick,.wav,action_rpg_mode/assets/sounds/400 Sounds Pack/Musical Effects/brass_chime_quick.wav,70424,0.399,ui
400 Sounds Pack,Musical Effects,brass_defeated.wav,brass_defeated,.wav,action_rpg_mode/assets/sounds/400 Sounds Pack/Musical Effects/brass_defeated.wav,546884,3.1,musical_effects
400 Sounds Pack,Musical Effects,brass_inn.wav,brass_inn,.wav,action_rpg_mode/assets/sounds/400 Sounds Pack/Musical Effects/brass_inn.wav,524888,2.975,musical_effects
400 Sounds Pack,Musical Effects,brass_level_complete.wav,brass_level_complete,.wav,action_rpg_mode/assets/sounds/400 Sounds Pack/Musical Effects/brass_level_complete.wav,547204,3.102,quest
400 Sounds Pack,Musical Effects,brass_level_start.wav,brass_level_start,.wav,action_rpg_mode/assets/sounds/400 Sounds Pack/Musical Effects/brass_level_start.wav,370376,2.099,quest
400 Sounds Pack,Musical Effects,brass_mystery.wav,brass_mystery,.wav,action_rpg_mode/assets/sounds/400 Sounds Pack/Musical Effects/brass_mystery.wav,216360,1.226,musical_effects
400 Sounds Pack,Musical Effects,brass_negative.wav,brass_negative,.wav,action_rpg_mode/assets/sounds/400 Sounds Pack/Musical Effects/brass_negative.wav,150408,0.852,musical_effects
400 Sounds Pack,Musical Effects,brass_negative_long.wav,brass_negative_long,.wav,action_rpg_mode/assets/sounds/400 Sounds Pack/Musical Effects/brass_negative_long.wav,149812,0.849,musical_effects
400 Sounds Pack,Musical Effects,brass_negative_quick.wav,brass_negative_quick,.wav,action_rpg_mode/assets/sounds/400 Sounds Pack/Musical Effects/brass_negative_quick.wav,70596,0.4,ui
400 Sounds Pack,Musical Effects,brass_positive_long.wav,brass_positive_long,.wav,action_rpg_mode/assets/sounds/400 Sounds Pack/Musical Effects/brass_positive_long.wav,216568,1.227,musical_effects
400 Sounds Pack,Musical Effects,grand_piano_chime_positive.wav,grand_piano_chime_positive,.wav,action_rpg_mode/assets/sounds/400 Sounds Pack/Musical Effects/grand_piano_chime_positive.wav,172672,0.979,musical_effects
400 Sounds Pack,Musical Effects,grand_piano_chime_quick.wav,grand_piano_chime_quick,.wav,action_rpg_mode/assets/sounds/400 Sounds Pack/Musical Effects/grand_piano_chime_quick.wav,190308,1.079,ui
400 Sounds Pack,Musical Effects,grand_piano_defeated.wav,grand_piano_defeated,.wav,action_rpg_mode/assets/sounds/400 Sounds Pack/Musical Effects/grand_piano_defeated.wav,686300,3.89,musical_effects
400 Sounds Pack,Musical Effects,grand_piano_inn.wav,grand_piano_inn,.wav,action_rpg_mode/assets/sounds/400 Sounds Pack/Musical Effects/grand_piano_inn.wav,660060,3.742,musical_effects
400 Sounds Pack,Musical Effects,grand_piano_level_complete.wav,grand_piano_level_complete,.wav,action_rpg_mode/assets/sounds/400 Sounds Pack/Musical Effects/grand_piano_level_complete.wav,667540,3.784,quest
400 Sounds Pack,Musical Effects,grand_piano_level_start.wav,grand_piano_level_start,.wav,action_rpg_mode/assets/sounds/400 Sounds Pack/Musical Effects/grand_piano_level_start.wav,508340,2.881,quest
400 Sounds Pack,Musical Effects,grand_piano_mystery.wav,grand_piano_mystery,.wav,action_rpg_mode/assets/sounds/400 Sounds Pack/Musical Effects/grand_piano_mystery.wav,352468,1.998,musical_effects
400 Sounds Pack,Musical Effects,grand_piano_negative.wav,grand_piano_negative,.wav,action_rpg_mode/assets/sounds/400 Sounds Pack/Musical Effects/grand_piano_negative.wav,268020,1.519,musical_effects
400 Sounds Pack,Musical Effects,grand_piano_negative_long.wav,grand_piano_negative_long,.wav,action_rpg_mode/assets/sounds/400 Sounds Pack/Musical Effects/grand_piano_negative_long.wav,289188,1.639,musical_effects
400 Sounds Pack,Musical Effects,grand_piano_negative_quick.wav,grand_piano_negative_quick,.wav,action_rpg_mode/assets/sounds/400 Sounds Pack/Musical Effects/grand_piano_negative_quick.wav,195836,1.11,ui
400 Sounds Pack,Musical Effects,grand_piano_positive_long.wav,grand_piano_positive_long,.wav,action_rpg_mode/assets/sounds/400 Sounds Pack/Musical Effects/grand_piano_positive_long.wav,342284,1.94,musical_effects
400 Sounds Pack,Musical Effects,harpsichord_chime_positive.wav,harpsichord_chime_positive,.wav,action_rpg_mode/assets/sounds/400 Sounds Pack/Musical Effects/harpsichord_chime_positive.wav,201928,1.144,musical_effects
400 Sounds Pack,Musical Effects,harpsichord_chime_quick.wav,harpsichord_chime_quick,.wav,action_rpg_mode/assets/sounds/400 Sounds Pack/Musical Effects/harpsichord_chime_quick.wav,188876,1.07,ui
400 Sounds Pack,Musical Effects,harpsichord_defeated.wav,harpsichord_defeated,.wav,action_rpg_mode/assets/sounds/400 Sounds Pack/Musical Effects/harpsichord_defeated.wav,528844,2.998,musical_effects
400 Sounds Pack,Musical Effects,harpsichord_inn.wav,harpsichord_inn,.wav,action_rpg_mode/assets/sounds/400 Sounds Pack/Musical Effects/harpsichord_inn.wav,638856,3.621,musical_effects
400 Sounds Pack,Musical Effects,harpsichord_level_complete.wav,harpsichord_level_complete,.wav,action_rpg_mode/assets/sounds/400 Sounds Pack/Musical Effects/harpsichord_level_complete.wav,652212,3.697,quest
400 Sounds Pack,Musical Effects,harpsichord_level_start.wav,harpsichord_level_start,.wav,action_rpg_mode/assets/sounds/400 Sounds Pack/Musical Effects/harpsichord_level_start.wav,462284,2.62,quest
400 Sounds Pack,Musical Effects,harpsichord_mystery.wav,harpsichord_mystery,.wav,action_rpg_mode/assets/sounds/400 Sounds Pack/Musical Effects/harpsichord_mystery.wav,264088,1.497,musical_effects
400 Sounds Pack,Musical Effects,harpsichord_negative.wav,harpsichord_negative,.wav,action_rpg_mode/assets/sounds/400 Sounds Pack/Musical Effects/harpsichord_negative.wav,255436,1.448,musical_effects
400 Sounds Pack,Musical Effects,harpsichord_negative_long.wav,harpsichord_negative_long,.wav,action_rpg_mode/assets/sounds/400 Sounds Pack/Musical Effects/harpsichord_negative_long.wav,272748,1.546,musical_effects
400 Sounds Pack,Musical Effects,harpsichord_negative_quick.wav,harpsichord_negative_quick,.wav,action_rpg_mode/assets/sounds/400 Sounds Pack/Musical Effects/harpsichord_negative_quick.wav,202116,1.146,ui
400 Sounds Pack,Musical Effects,harpsichord_positive_long.wav,harpsichord_positive_long,.wav,action_rpg_mode/assets/sounds/400 Sounds Pack/Musical Effects/harpsichord_positive_long.wav,334796,1.898,musical_effects
400 Sounds Pack,Musical Effects,horror_sting.wav,horror_sting,.wav,action_rpg_mode/assets/sounds/400 Sounds Pack/Musical Effects/horror_sting.wav,155244,0.88,musical_effects
400 Sounds Pack,Musical Effects,music_box_chime_positive.wav,music_box_chime_positive,.wav,action_rpg_mode/assets/sounds/400 Sounds Pack/Musical Effects/music_box_chime_positive.wav,290384,1.646,musical_effects
400 Sounds Pack,Musical Effects,music_box_chime_quick.wav,music_box_chime_quick,.wav,action_rpg_mode/assets/sounds/400 Sounds Pack/Musical Effects/music_box_chime_quick.wav,277072,1.57,ui
400 Sounds Pack,Musical Effects,music_box_defeated.wav,music_box_defeated,.wav,action_rpg_mode/assets/sounds/400 Sounds Pack/Musical Effects/music_box_defeated.wav,617044,3.498,musical_effects
400 Sounds Pack,Musical Effects,music_box_inn.wav,music_box_inn,.wav,action_rpg_mode/assets/sounds/400 Sounds Pack/Musical Effects/music_box_inn.wav,727124,4.122,musical_effects
400 Sounds Pack,Musical Effects,music_box_level_complete.wav,music_box_level_complete,.wav,action_rpg_mode/assets/sounds/400 Sounds Pack/Musical Effects/music_box_level_complete.wav,740436,4.197,quest
400 Sounds Pack,Musical Effects,music_box_level_start.wav,music_box_level_start,.wav,action_rpg_mode/assets/sounds/400 Sounds Pack/Musical Effects/music_box_level_start.wav,550484,3.12,quest
400 Sounds Pack,Musical Effects,music_box_mystery.wav,music_box_mystery,.wav,action_rpg_mode/assets/sounds/400 Sounds Pack/Musical Effects/music_box_mystery.wav,352340,1.997,musical_effects
400 Sounds Pack,Musical Effects,music_box_negative.wav,music_box_negative,.wav,action_rpg_mode/assets/sounds/400 Sounds Pack/Musical Effects/music_box_negative.wav,343636,1.948,musical_effects
400 Sounds Pack,Musical Effects,music_box_negative_long.wav,music_box_negative_long,.wav,action_rpg_mode/assets/sounds/400 Sounds Pack/Musical Effects/music_box_negative_long.wav,361044,2.046,musical_effects
400 Sounds Pack,Musical Effects,music_box_negative_quick.wav,music_box_negative_quick,.wav,action_rpg_mode/assets/sounds/400 Sounds Pack/Musical Effects/music_box_negative_quick.wav,290388,1.646,ui
400 Sounds Pack,Musical Effects,music_box_positive_long.wav,music_box_positive_long,.wav,action_rpg_mode/assets/sounds/400 Sounds Pack/Musical Effects/music_box_positive_long.wav,422996,2.398,musical_effects
400 Sounds Pack,Musical Effects,sitar_chime_positive.wav,sitar_chime_positive,.wav,action_rpg_mode/assets/sounds/400 Sounds Pack/Musical Effects/sitar_chime_positive.wav,236008,1.338,musical_effects
400 Sounds Pack,Musical Effects,sitar_chime_quick.wav,sitar_chime_quick,.wav,action_rpg_mode/assets/sounds/400 Sounds Pack/Musical Effects/sitar_chime_quick.wav,222696,1.262,ui
400 Sounds Pack,Musical Effects,sitar_defeated.wav,sitar_defeated,.wav,action_rpg_mode/assets/sounds/400 Sounds Pack/Musical Effects/sitar_defeated.wav,617044,3.498,musical_effects
400 Sounds Pack,Musical Effects,sitar_inn.wav,sitar_inn,.wav,action_rpg_mode/assets/sounds/400 Sounds Pack/Musical Effects/sitar_inn.wav,726816,4.12,musical_effects
400 Sounds Pack,Musical Effects,sitar_level_complete.wav,sitar_level_complete,.wav,action_rpg_mode/assets/sounds/400 Sounds Pack/Musical Effects/sitar_level_complete.wav,687188,3.895,quest
400 Sounds Pack,Musical Effects,sitar_level_start.wav,sitar_level_start,.wav,action_rpg_mode/assets/sounds/400 Sounds Pack/Musical Effects/sitar_level_start.wav,550380,3.12,quest
400 Sounds Pack,Musical Effects,sitar_mystery.wav,sitar_mystery,.wav,action_rpg_mode/assets/sounds/400 Sounds Pack/Musical Effects/sitar_mystery.wav,352296,1.997,musical_effects
400 Sounds Pack,Musical Effects,sitar_negative.wav,sitar_negative,.wav,action_rpg_mode/assets/sounds/400 Sounds Pack/Musical Effects/sitar_negative.wav,293244,1.662,musical_effects
400 Sounds Pack,Musical Effects,sitar_negative_long.wav,sitar_negative_long,.wav,action_rpg_mode/assets/sounds/400 Sounds Pack/Musical Effects/sitar_negative_long.wav,360940,2.046,musical_effects
400 Sounds Pack,Musical Effects,sitar_negative_quick.wav,sitar_negative_quick,.wav,action_rpg_mode/assets/sounds/400 Sounds Pack/Musical Effects/sitar_negative_quick.wav,260312,1.475,ui
400 Sounds Pack,Musical Effects,sitar_positive_long.wav,sitar_positive_long,.wav,action_rpg_mode/assets/sounds/400 Sounds Pack/Musical Effects/sitar_positive_long.wav,414640,2.35,musical_effects
400 Sounds Pack,Musical Effects,steel_drums_chime_positive.wav,steel_drums_chime_positive,.wav,action_rpg_mode/assets/sounds/400 Sounds Pack/Musical Effects/steel_drums_chime_positive.wav,202152,1.146,musical_effects
400 Sounds Pack,Musical Effects,steel_drums_chime_quick.wav,steel_drums_chime_quick,.wav,action_rpg_mode/assets/sounds/400 Sounds Pack/Musical Effects/steel_drums_chime_quick.wav,188840,1.07,ui
400 Sounds Pack,Musical Effects,steel_drums_defeated.wav,steel_drums_defeated,.wav,action_rpg_mode/assets/sounds/400 Sounds Pack/Musical Effects/steel_drums_defeated.wav,528844,2.998,musical_effects
400 Sounds Pack,Musical Effects,steel_drums_inn.wav,steel_drums_inn,.wav,action_rpg_mode/assets/sounds/400 Sounds Pack/Musical Effects/steel_drums_inn.wav,638900,3.622,musical_effects
400 Sounds Pack,Musical Effects,steel_drums_level_complete.wav,steel_drums_level_complete,.wav,action_rpg_mode/assets/sounds/400 Sounds Pack/Musical Effects/steel_drums_level_complete.wav,652236,3.697,quest
400 Sounds Pack,Musical Effects,steel_drums_level_start.wav,steel_drums_level_start,.wav,action_rpg_mode/assets/sounds/400 Sounds Pack/Musical Effects/steel_drums_level_start.wav,462284,2.62,quest
400 Sounds Pack,Musical Effects,steel_drums_mystery.wav,steel_drums_mystery,.wav,action_rpg_mode/assets/sounds/400 Sounds Pack/Musical Effects/steel_drums_mystery.wav,264140,1.497,musical_effects
400 Sounds Pack,Musical Effects,steel_drums_negative.wav,steel_drums_negative,.wav,action_rpg_mode/assets/sounds/400 Sounds Pack/Musical Effects/steel_drums_negative.wav,255412,1.448,musical_effects
400 Sounds Pack,Musical Effects,steel_drums_negative_long.wav,steel_drums_negative_long,.wav,action_rpg_mode/assets/sounds/400 Sounds Pack/Musical Effects/steel_drums_negative_long.wav,272844,1.546,musical_effects
400 Sounds Pack,Musical Effects,steel_drums_negative_quick.wav,steel_drums_negative_quick,.wav,action_rpg_mode/assets/sounds/400 Sounds Pack/Musical Effects/steel_drums_negative_quick.wav,202156,1.146,ui
400 Sounds Pack,Musical Effects,steel_drums_positive_long.wav,steel_drums_positive_long,.wav,action_rpg_mode/assets/sounds/400 Sounds Pack/Musical Effects/steel_drums_positive_long.wav,334796,1.898,musical_effects
400 Sounds Pack,Musical Effects,synth_bass_chime_positive.wav,synth_bass_chime_positive,.wav,action_rpg_mode/assets/sounds/400 Sounds Pack/Musical Effects/synth_bass_chime_positive.wav,88072,0.499,musical_effects
400 Sounds Pack,Musical Effects,synth_bass_chime_quick.wav,synth_bass_chime_quick,.wav,action_rpg_mode/assets/sounds/400 Sounds Pack/Musical Effects/synth_bass_chime_quick.wav,87972,0.498,ui
400 Sounds Pack,Musical Effects,synth_bass_defeated.wav,synth_bass_defeated,.wav,action_rpg_mode/assets/sounds/400 Sounds Pack/Musical Effects/synth_bass_defeated.wav,564476,3.2,musical_effects
400 Sounds Pack,Musical Effects,synth_bass_inn.wav,synth_bass_inn,.wav,action_rpg_mode/assets/sounds/400 Sounds Pack/Musical Effects/synth_bass_inn.wav,542232,3.074,musical_effects
400 Sounds Pack,Musical Effects,synth_bass_level_complete.wav,synth_bass_level_complete,.wav,action_rpg_mode/assets/sounds/400 Sounds Pack/Musical Effects/synth_bass_level_complete.wav,564776,3.201,quest
400 Sounds Pack,Musical Effects,synth_bass_level_start.wav,synth_bass_level_start,.wav,action_rpg_mode/assets/sounds/400 Sounds Pack/Musical Effects/synth_bass_level_start.wav,387924,2.199,quest
400 Sounds Pack,Musical Effects,synth_bass_mystery.wav,synth_bass_mystery,.wav,action_rpg_mode/assets/sounds/400 Sounds Pack/Musical Effects/synth_bass_mystery.wav,233688,1.325,musical_effects
400 Sounds Pack,Musical Effects,synth_bass_negative.wav,synth_bass_negative,.wav,action_rpg_mode/assets/sounds/400 Sounds Pack/Musical Effects/synth_bass_negative.wav,167764,0.951,musical_effects
400 Sounds Pack,Musical Effects,synth_bass_negative_long.wav,synth_bass_negative_long,.wav,action_rpg_mode/assets/sounds/400 Sounds Pack/Musical Effects/synth_bass_negative_long.wav,167204,0.948,musical_effects
400 Sounds Pack,Musical Effects,synth_bass_negative_quick.wav,synth_bass_negative_quick,.wav,action_rpg_mode/assets/sounds/400 Sounds Pack/Musical Effects/synth_bass_negative_quick.wav,87956,0.498,ui
400 Sounds Pack,Musical Effects,synth_bass_positive_long.wav,synth_bass_positive_long,.wav,action_rpg_mode/assets/sounds/400 Sounds Pack/Musical Effects/synth_bass_positive_long.wav,233932,1.326,musical_effects
400 Sounds Pack,Musical Effects,vibraphone_chime_positive.wav,vibraphone_chime_positive,.wav,action_rpg_mode/assets/sounds/400 Sounds Pack/Musical Effects/vibraphone_chime_positive.wav,240864,1.365,musical_effects
400 Sounds Pack,Musical Effects,vibraphone_chime_quick.wav,vibraphone_chime_quick,.wav,action_rpg_mode/assets/sounds/400 Sounds Pack/Musical Effects/vibraphone_chime_quick.wav,227552,1.29,ui
400 Sounds Pack,Musical Effects,vibraphone_defeated.wav,vibraphone_defeated,.wav,action_rpg_mode/assets/sounds/400 Sounds Pack/Musical Effects/vibraphone_defeated.wav,577396,3.273,musical_effects
400 Sounds Pack,Musical Effects,vibraphone_inn.wav,vibraphone_inn,.wav,action_rpg_mode/assets/sounds/400 Sounds Pack/Musical Effects/vibraphone_inn.wav,682276,3.868,musical_effects
400 Sounds Pack,Musical Effects,vibraphone_level_complete.wav,vibraphone_level_complete,.wav,action_rpg_mode/assets/sounds/400 Sounds Pack/Musical Effects/vibraphone_level_complete.wav,698540,3.96,quest
400 Sounds Pack,Musical Effects,vibraphone_level_start.wav,vibraphone_level_start,.wav,action_rpg_mode/assets/sounds/400 Sounds Pack/Musical Effects/vibraphone_level_start.wav,533112,3.022,quest
400 Sounds Pack,Musical Effects,vibraphone_mystery.wav,vibraphone_mystery,.wav,action_rpg_mode/assets/sounds/400 Sounds Pack/Musical Effects/vibraphone_mystery.wav,303980,1.723,musical_effects
400 Sounds Pack,Musical Effects,vibraphone_negative.wav,vibraphone_negative,.wav,action_rpg_mode/assets/sounds/400 Sounds Pack/Musical Effects/vibraphone_negative.wav,295104,1.673,musical_effects
400 Sounds Pack,Musical Effects,vibraphone_negative_long.wav,vibraphone_negative_long,.wav,action_rpg_mode/assets/sounds/400 Sounds Pack/Musical Effects/vibraphone_negative_long.wav,328472,1.862,musical_effects
400 Sounds Pack,Musical Effects,vibraphone_negative_quick.wav,vibraphone_negative_quick,.wav,action_rpg_mode/assets/sounds/400 Sounds Pack/Musical Effects/vibraphone_negative_quick.wav,264344,1.498,ui
400 Sounds Pack,Musical Effects,vibraphone_positive_long.wav,vibraphone_positive_long,.wav,action_rpg_mode/assets/sounds/400 Sounds Pack/Musical Effects/vibraphone_positive_long.wav,405624,2.299,musical_effects
400 Sounds Pack,Musical Effects,xylophone_chime_positive.wav,xylophone_chime_positive,.wav,action_rpg_mode/assets/sounds/400 Sounds Pack/Musical Effects/xylophone_chime_positive.wav,183928,1.042,musical_effects
400 Sounds Pack,Musical Effects,xylophone_chime_quick.wav,xylophone_chime_quick,.wav,action_rpg_mode/assets/sounds/400 Sounds Pack/Musical Effects/xylophone_chime_quick.wav,182508,1.034,ui
400 Sounds Pack,Musical Effects,xylophone_defeated.wav,xylophone_defeated,.wav,action_rpg_mode/assets/sounds/400 Sounds Pack/Musical Effects/xylophone_defeated.wav,518376,2.938,musical_effects
400 Sounds Pack,Musical Effects,xylophone_inn.wav,xylophone_inn,.wav,action_rpg_mode/assets/sounds/400 Sounds Pack/Musical Effects/xylophone_inn.wav,648604,3.677,musical_effects
400 Sounds Pack,Musical Effects,xylophone_level_complete.wav,xylophone_level_complete,.wav,action_rpg_mode/assets/sounds/400 Sounds Pack/Musical Effects/xylophone_level_complete.wav,599612,3.399,quest
400 Sounds Pack,Musical Effects,xylophone_level_start.wav,xylophone_level_start,.wav,action_rpg_mode/assets/sounds/400 Sounds Pack/Musical Effects/xylophone_level_start.wav,469228,2.66,quest
400 Sounds Pack,Musical Effects,xylophone_mystery.wav,xylophone_mystery,.wav,action_rpg_mode/assets/sounds/400 Sounds Pack/Musical Effects/xylophone_mystery.wav,254960,1.445,musical_effects
400 Sounds Pack,Musical Effects,xylophone_negative.wav,xylophone_negative,.wav,action_rpg_mode/assets/sounds/400 Sounds Pack/Musical Effects/xylophone_negative.wav,237176,1.344,musical_effects
400 Sounds Pack,Musical Effects,xylophone_negative_long.wav,xylophone_negative_long,.wav,action_rpg_mode/assets/sounds/400 Sounds Pack/Musical Effects/xylophone_negative_long.wav,220572,1.25,musical_effects
400 Sounds Pack,Musical Effects,xylophone_negative_quick.wav,xylophone_negative_quick,.wav,action_rpg_mode/assets/sounds/400 Sounds Pack/Musical Effects/xylophone_negative_quick.wav,191720,1.087,ui
400 Sounds Pack,Musical Effects,xylophone_positive_long.wav,xylophone_positive_long,.wav,action_rpg_mode/assets/sounds/400 Sounds Pack/Musical Effects/xylophone_positive_long.wav,289912,1.643,musical_effects
400 Sounds Pack,Other,applause.wav,applause,.wav,action_rpg_mode/assets/sounds/400 Sounds Pack/Other/applause.wav,2078764,11.784,other
400 Sounds Pack,Other,controller_button_press.wav,controller_button_press,.wav,action_rpg_mode/assets/sounds/400 Sounds Pack/Other/controller_button_press.wav,196652,1.115,ui
400 Sounds Pack,Other,controller_button_press_2.wav,controller_button_press_2,.wav,action_rpg_mode/assets/sounds/400 Sounds Pack/Other/controller_button_press_2.wav,243756,1.382,ui
400 Sounds Pack,Other,drink_slurp.wav,drink_slurp,.wav,action_rpg_mode/assets/sounds/400 Sounds Pack/Other/drink_slurp.wav,180268,1.022,other
400 Sounds Pack,Other,elastic_twang.wav,elastic_twang,.wav,action_rpg_mode/assets/sounds/400 Sounds Pack/Other/elastic_twang.wav,47148,0.267,other
400 Sounds Pack,Other,finger_click.wav,finger_click,.wav,action_rpg_mode/assets/sounds/400 Sounds Pack/Other/finger_click.wav,94252,0.534,ui
400 Sounds Pack,Other,ghost_long.wav,ghost_long,.wav,action_rpg_mode/assets/sounds/400 Sounds Pack/Other/ghost_long.wav,367212,4.163,other
400 Sounds Pack,Other,itching.wav,itching,.wav,action_rpg_mode/assets/sounds/400 Sounds Pack/Other/itching.wav,231468,1.312,other
400 Sounds Pack,Other,keyboard_typing.wav,keyboard_typing,.wav,action_rpg_mode/assets/sounds/400 Sounds Pack/Other/keyboard_typing.wav,638060,3.617,other
400 Sounds Pack,Other,light_match.wav,light_match,.wav,action_rpg_mode/assets/sounds/400 Sounds Pack/Other/light_match.wav,225324,1.277,other
400 Sounds Pack,Other,munching_food.wav,munching_food,.wav,action_rpg_mode/assets/sounds/400 Sounds Pack/Other/munching_food.wav,202796,1.149,other
400 Sounds Pack,Other,paste.wav,paste,.wav,action_rpg_mode/assets/sounds/400 Sounds Pack/Other/paste.wav,145452,0.824,other
400 Sounds Pack,Other,record_scratch.wav,record_scratch,.wav,action_rpg_mode/assets/sounds/400 Sounds Pack/Other/record_scratch.wav,54348,0.308,other
400 Sounds Pack,Other,slide_and_click.wav,slide_and_click,.wav,action_rpg_mode/assets/sounds/400 Sounds Pack/Other/slide_and_click.wav,143404,0.813,ui
400 Sounds Pack,Other,snap.wav,snap,.wav,action_rpg_mode/assets/sounds/400 Sounds Pack/Other/snap.wav,45100,0.255,other
400 Sounds Pack,Other,subtle_knock.wav,subtle_knock,.wav,action_rpg_mode/assets/sounds/400 Sounds Pack/Other/subtle_knock.wav,65580,0.372,other
400 Sounds Pack,Other,white_noise_long.wav,white_noise_long,.wav,action_rpg_mode/assets/sounds/400 Sounds Pack/Other/white_noise_long.wav,1063196,6.027,hit_enemy|hit_player
400 Sounds Pack,Other,white_noise_short.wav,white_noise_short,.wav,action_rpg_mode/assets/sounds/400 Sounds Pack/Other/white_noise_short.wav,191824,1.087,hit_enemy|hit_player
400 Sounds Pack,Other,whoosh_1.wav,whoosh_1,.wav,action_rpg_mode/assets/sounds/400 Sounds Pack/Other/whoosh_1.wav,57388,0.325,attack
400 Sounds Pack,Other,whoosh_2.wav,whoosh_2,.wav,action_rpg_mode/assets/sounds/400 Sounds Pack/Other/whoosh_2.wav,135212,0.766,attack
400 Sounds Pack,Retro,coin.wav,coin,.wav,action_rpg_mode/assets/sounds/400 Sounds Pack/Retro/coin.wav,29208,0.331,loot|shop
400 Sounds Pack,Retro,coin_2.wav,coin_2,.wav,action_rpg_mode/assets/sounds/400 Sounds Pack/Retro/coin_2.wav,29208,0.331,loot|shop
400 Sounds Pack,Retro,coin_3.wav,coin_3,.wav,action_rpg_mode/assets/sounds/400 Sounds Pack/Retro/coin_3.wav,44752,0.507,loot|shop
400 Sounds Pack,Retro,coin_4.wav,coin_4,.wav,action_rpg_mode/assets/sounds/400 Sounds Pack/Retro/coin_4.wav,42072,0.477,loot|shop
400 Sounds Pack,Retro,explosion_large.wav,explosion_large,.wav,action_rpg_mode/assets/sounds/400 Sounds Pack/Retro/explosion_large.wav,117410,1.331,retro
400 Sounds Pack,Retro,explosion_medium.wav,explosion_medium,.wav,action_rpg_mode/assets/sounds/400 Sounds Pack/Retro/explosion_medium.wav,106990,1.213,retro
400 Sounds Pack,Retro,explosion_quick.wav,explosion_quick,.wav,action_rpg_mode/assets/sounds/400 Sounds Pack/Retro/explosion_quick.wav,57510,0.652,ui
400 Sounds Pack,Retro,explosion_small.wav,explosion_small,.wav,action_rpg_mode/assets/sounds/400 Sounds Pack/Retro/explosion_small.wav,61926,0.702,retro
400 Sounds Pack,Retro,fall_quick.wav,fall_quick,.wav,action_rpg_mode/assets/sounds/400 Sounds Pack/Retro/fall_quick.wav,37964,0.43,death|ui
400 Sounds Pack,Retro,ghost.wav,ghost,.wav,action_rpg_mode/assets/sounds/400 Sounds Pack/Retro/ghost.wav,58006,0.657,retro
400 Sounds Pack,Retro,grow_big.wav,grow_big,.wav,action_rpg_mode/assets/sounds/400 Sounds Pack/Retro/grow_big.wav,94534,1.071,retro
400 Sounds Pack,Retro,hurt.wav,hurt,.wav,action_rpg_mode/assets/sounds/400 Sounds Pack/Retro/hurt.wav,18996,0.215,hit_player
400 Sounds Pack,Retro,jump.wav,jump,.wav,action_rpg_mode/assets/sounds/400 Sounds Pack/Retro/jump.wav,49198,0.557,retro
400 Sounds Pack,Retro,jump_short.wav,jump_short,.wav,action_rpg_mode/assets/sounds/400 Sounds Pack/Retro/jump_short.wav,29224,0.331,retro
400 Sounds Pack,Retro,jump_square.wav,jump_square,.wav,action_rpg_mode/assets/sounds/400 Sounds Pack/Retro/jump_square.wav,54454,0.617,retro
400 Sounds Pack,Retro,lose.wav,lose,.wav,action_rpg_mode/assets/sounds/400 Sounds Pack/Retro/lose.wav,93740,1.062,retro
400 Sounds Pack,Retro,menu_blip.wav,menu_blip,.wav,action_rpg_mode/assets/sounds/400 Sounds Pack/Retro/menu_blip.wav,8488,0.096,ui
400 Sounds Pack,Retro,power_down.wav,power_down,.wav,action_rpg_mode/assets/sounds/400 Sounds Pack/Retro/power_down.wav,45712,0.518,magic
400 Sounds Pack,Retro,power_down_2.wav,power_down_2,.wav,action_rpg_mode/assets/sounds/400 Sounds Pack/Retro/power_down_2.wav,29738,0.337,magic
400 Sounds Pack,Retro,power_up.wav,power_up,.wav,action_rpg_mode/assets/sounds/400 Sounds Pack/Retro/power_up.wav,56344,0.638,magic
400 Sounds Pack,Retro,power_up_2.wav,power_up_2,.wav,action_rpg_mode/assets/sounds/400 Sounds Pack/Retro/power_up_2.wav,64716,0.733,magic
400 Sounds Pack,Retro,punch.wav,punch,.wav,action_rpg_mode/assets/sounds/400 Sounds Pack/Retro/punch.wav,14160,0.16,attack|hit_enemy
400 Sounds Pack,Retro,throw.wav,throw,.wav,action_rpg_mode/assets/sounds/400 Sounds Pack/Retro/throw.wav,31068,0.352,retro
400 Sounds Pack,Retro,undesired_effect.wav,undesired_effect,.wav,action_rpg_mode/assets/sounds/400 Sounds Pack/Retro/undesired_effect.wav,42428,0.481,retro
400 Sounds Pack,Retro,wobble.wav,wobble,.wav,action_rpg_mode/assets/sounds/400 Sounds Pack/Retro/wobble.wav,24752,0.28,retro
400 Sounds Pack,UI,cancel.wav,cancel,.wav,action_rpg_mode/assets/sounds/400 Sounds Pack/UI/cancel.wav,26856,0.152,ui
400 Sounds Pack,UI,click_double_off.wav,click_double_off,.wav,action_rpg_mode/assets/sounds/400 Sounds Pack/UI/click_double_off.wav,65580,0.372,ui
400 Sounds Pack,UI,click_double_off_2.wav,click_double_off_2,.wav,action_rpg_mode/assets/sounds/400 Sounds Pack/UI/click_double_off_2.wav,110124,0.624,ui
400 Sounds Pack,UI,click_double_on.wav,click_double_on,.wav,action_rpg_mode/assets/sounds/400 Sounds Pack/UI/click_double_on.wav,53292,0.302,ui
400 Sounds Pack,UI,click_double_on_2.wav,click_double_on_2,.wav,action_rpg_mode/assets/sounds/400 Sounds Pack/UI/click_double_on_2.wav,94252,0.534,ui
400 Sounds Pack,UI,pop_1.wav,pop_1,.wav,action_rpg_mode/assets/sounds/400 Sounds Pack/UI/pop_1.wav,38956,0.221,ui
400 Sounds Pack,UI,pop_2.wav,pop_2,.wav,action_rpg_mode/assets/sounds/400 Sounds Pack/UI/pop_2.wav,32812,0.186,ui
400 Sounds Pack,UI,pop_3.wav,pop_3,.wav,action_rpg_mode/assets/sounds/400 Sounds Pack/UI/pop_3.wav,41004,0.232,ui
400 Sounds Pack,UI,pop_4.wav,pop_4,.wav,action_rpg_mode/assets/sounds/400 Sounds Pack/UI/pop_4.wav,51244,0.29,ui
400 Sounds Pack,UI,sci_fi_cancel.wav,sci_fi_cancel,.wav,action_rpg_mode/assets/sounds/400 Sounds Pack/UI/sci_fi_cancel.wav,275028,1.559,ui
400 Sounds Pack,UI,sci_fi_confirm.wav,sci_fi_confirm,.wav,action_rpg_mode/assets/sounds/400 Sounds Pack/UI/sci_fi_confirm.wav,263764,1.495,ui
400 Sounds Pack,UI,sci_fi_deselect.wav,sci_fi_deselect,.wav,action_rpg_mode/assets/sounds/400 Sounds Pack/UI/sci_fi_deselect.wav,286292,1.623,ui
400 Sounds Pack,UI,sci_fi_disallow.wav,sci_fi_disallow,.wav,action_rpg_mode/assets/sounds/400 Sounds Pack/UI/sci_fi_disallow.wav,263720,1.495,ui
400 Sounds Pack,UI,sci_fi_error.wav,sci_fi_error,.wav,action_rpg_mode/assets/sounds/400 Sounds Pack/UI/sci_fi_error.wav,286212,1.622,ui
400 Sounds Pack,UI,sci_fi_hover.wav,sci_fi_hover,.wav,action_rpg_mode/assets/sounds/400 Sounds Pack/UI/sci_fi_hover.wav,133320,0.756,ui
400 Sounds Pack,UI,sci_fi_hover_high.wav,sci_fi_hover_high,.wav,action_rpg_mode/assets/sounds/400 Sounds Pack/UI/sci_fi_hover_high.wav,101428,0.575,ui
400 Sounds Pack,UI,sci_fi_select.wav,sci_fi_select,.wav,action_rpg_mode/assets/sounds/400 Sounds Pack/UI/sci_fi_select.wav,275028,1.559,ui
400 Sounds Pack,UI,sci_fi_select_big.wav,sci_fi_select_big,.wav,action_rpg_mode/assets/sounds/400 Sounds Pack/UI/sci_fi_select_big.wav,297044,1.684,ui
400 Sounds Pack,UI,select_1.wav,select_1,.wav,action_rpg_mode/assets/sounds/400 Sounds Pack/UI/select_1.wav,22500,0.127,ui
400 Sounds Pack,UI,select_2.wav,select_2,.wav,action_rpg_mode/assets/sounds/400 Sounds Pack/UI/select_2.wav,31264,0.177,ui
400 Sounds Pack,UI,select_3.wav,select_3,.wav,action_rpg_mode/assets/sounds/400 Sounds Pack/UI/select_3.wav,31244,0.177,ui
400 Sounds Pack,UI,select_4.wav,select_4,.wav,action_rpg_mode/assets/sounds/400 Sounds Pack/UI/select_4.wav,31172,0.176,ui
400 Sounds Pack,UI,synth_cancel.wav,synth_cancel,.wav,action_rpg_mode/assets/sounds/400 Sounds Pack/UI/synth_cancel.wav,426960,2.42,ui
400 Sounds Pack,UI,synth_confirmation.wav,synth_confirmation,.wav,action_rpg_mode/assets/sounds/400 Sounds Pack/UI/synth_confirmation.wav,445868,2.527,ui
400 Sounds Pack,UI,synth_error.wav,synth_error,.wav,action_rpg_mode/assets/sounds/400 Sounds Pack/UI/synth_error.wav,376824,2.136,ui
400 Sounds Pack,UI,synth_process_complete.wav,synth_process_complete,.wav,action_rpg_mode/assets/sounds/400 Sounds Pack/UI/synth_process_complete.wav,399448,2.264,quest|ui
400 Sounds Pack,UI,synth_shut_down.wav,synth_shut_down,.wav,action_rpg_mode/assets/sounds/400 Sounds Pack/UI/synth_shut_down.wav,455968,2.585,ui
400 Sounds Pack,UI,synth_warning.wav,synth_warning,.wav,action_rpg_mode/assets/sounds/400 Sounds Pack/UI/synth_warning.wav,372596,2.112,ui
400 Sounds Pack,UI,toggle_off.wav,toggle_off,.wav,action_rpg_mode/assets/sounds/400 Sounds Pack/UI/toggle_off.wav,75820,0.43,ui
400 Sounds Pack,UI,toggle_on.wav,toggle_on,.wav,action_rpg_mode/assets/sounds/400 Sounds Pack/UI/toggle_on.wav,84012,0.476,ui
400 Sounds Pack,Weapons,harsh_thud.wav,harsh_thud,.wav,action_rpg_mode/assets/sounds/400 Sounds Pack/Weapons/harsh_thud.wav,89644,0.508,attack|hit_enemy
400 Sounds Pack,Weapons,shot_muffled.wav,shot_muffled,.wav,action_rpg_mode/assets/sounds/400 Sounds Pack/Weapons/shot_muffled.wav,98860,0.56,attack
400 Sounds Pack,Weapons,sword_clash.wav,sword_clash,.wav,action_rpg_mode/assets/sounds/400 Sounds Pack/Weapons/sword_clash.wav,61484,0.348,attack
400 Sounds Pack,Weapons,sword_clash_2.wav,sword_clash_2,.wav,action_rpg_mode/assets/sounds/400 Sounds Pack/Weapons/sword_clash_2.wav,47148,0.267,attack
400 Sounds Pack,Weapons,sword_drop.wav,sword_drop,.wav,action_rpg_mode/assets/sounds/400 Sounds Pack/Weapons/sword_drop.wav,170028,0.964,attack
400 Sounds Pack,Weapons,sword_light.wav,sword_light,.wav,action_rpg_mode/assets/sounds/400 Sounds Pack/Weapons/sword_light.wav,63532,0.36,attack
400 Sounds Pack,Weapons,sword_sharpen.wav,sword_sharpen,.wav,action_rpg_mode/assets/sounds/400 Sounds Pack/Weapons/sword_sharpen.wav,98348,0.557,attack
400 Sounds Pack,Weapons,sword_slice.wav,sword_slice,.wav,action_rpg_mode/assets/sounds/400 Sounds Pack/Weapons/sword_slice.wav,135212,0.766,attack|magic
400 Sounds Pack,Weapons,sword_unsheath.wav,sword_unsheath,.wav,action_rpg_mode/assets/sounds/400 Sounds Pack/Weapons/sword_unsheath.wav,124972,0.708,attack
400 Sounds Pack,Weapons,weapon_drop.wav,weapon_drop,.wav,action_rpg_mode/assets/sounds/400 Sounds Pack/Weapons/weapon_drop.wav,137260,0.778,attack
400 Sounds Pack,Weapons,weapon_equip.wav,weapon_equip,.wav,action_rpg_mode/assets/sounds/400 Sounds Pack/Weapons/weapon_equip.wav,141356,0.801,attack|ui
400 Sounds Pack,Weapons,weapon_equip_short.wav,weapon_equip_short,.wav,action_rpg_mode/assets/sounds/400 Sounds Pack/Weapons/weapon_equip_short.wav,51244,0.29,attack|ui
400 Sounds Pack,Weapons,weapon_pick_up.wav,weapon_pick_up,.wav,action_rpg_mode/assets/sounds/400 Sounds Pack/Weapons/weapon_pick_up.wav,159788,0.906,attack
400 Sounds Pack,Weapons,weapon_unequip.wav,weapon_unequip,.wav,action_rpg_mode/assets/sounds/400 Sounds Pack/Weapons/weapon_unequip.wav,116780,0.662,attack|ui
400 Sounds Pack,Weapons,weapon_upgrade.wav,weapon_upgrade,.wav,action_rpg_mode/assets/sounds/400 Sounds Pack/Weapons/weapon_upgrade.wav,139308,0.789,attack
custom,custom_user_added,bubble pop.wav,bubble pop,.wav,action_rpg_mode/assets/sounds/bubble pop.wav,176478,1.0,custom
custom,custom_user_added,ding menu aigu.wav,ding menu aigu,.wav,action_rpg_mode/assets/sounds/ding menu aigu.wav,302478,1.714,ui
custom,custom_user_added,ding menu grave.wav,ding menu grave,.wav,action_rpg_mode/assets/sounds/ding menu grave.wav,302478,1.714,ui
custom,custom_user_added,hit_sort.wav,hit_sort,.wav,action_rpg_mode/assets/sounds/hit_sort.wav,176478,1.0,hit_enemy|hit_player
custom,custom_user_added,level up.wav,level up,.wav,action_rpg_mode/assets/sounds/level up.wav,176478,1.0,quest
custom,custom_user_added,lvl_up.wav,lvl_up,.wav,action_rpg_mode/assets/sounds/lvl_up.wav,302478,1.714,custom
custom,custom_user_added,quest accepted.wav,quest accepted,.wav,action_rpg_mode/assets/sounds/quest accepted.wav,213346,1.209,quest
custom,custom_user_added,quest_complete.wav,quest_complete,.wav,action_rpg_mode/assets/sounds/quest_complete.wav,201862,1.144,quest
custom,custom_user_added,rare item.wav,rare item,.wav,action_rpg_mode/assets/sounds/rare item.wav,176478,1.0,loot|shop
